__dim1_var1	__data_var1	__data_var2	__data_var3	__data_var4	__data_var5	__data_var6	__data_var7	__data_var8	__data_var9	__data_var10	__data_var11	__data_var12	__data_var13	__data_var14	__data_var15	__data_var16	__data_var17	__data_var18	__data_var19	__data_var20	__data_var21	__data_var22	__data_var23	__data_var24	__data_var25	__data_var26	__data_var27	__data_var28	__data_var29	__data_var30	__data_var31	__data_var32	__data_var33	__data_var34	__data_var35	__data_var36	__data_var37	__data_var38	__data_var39	__data_var40	__data_var41	__data_var42	__data_var43	__data_var44	__data_var45	__data_var46	__data_var47	__data_var48	__data_var49	__data_var50	__data_var51	__data_var52	__data_var53	__data_var54	__data_var55	__data_var56	__data_var57	__data_var58	__data_var59	__data_var60	__data_var61
FW106-7-25-12	104678.0	387.2	261583.84999999998	2250.13	0.0	606478.15	36337.44	205.4	89.66	326.252	7.212	3311.2	0.0	1707.6299999999999	0.0029280000000000005	0.004901	0.056128000000000004	-0.033386	-0.019229	314.98599999999993	0.16056499999999999	0.503824	0.2702190000000001	0.676212	0.007813	0.002001	333.889	-5.0252859999999995	51.66600000000001	38.755	907.975	5.489603000000001	0.04885300000000001	0.026826	0.5201140000000001	17.98018799999999	1.039564	3.0	0.0	0.2	0.0																				
FW109-1-7-25-12	51275.0	423.57	601237.21	19516.22	3328.36	307130.02	23385.35	94.36	10.950000000000001	47.009	0.0	913.814	0.0	124.469	0.002869	0.000772	0.19574400000000003	0.030308	-0.010879000000000002	212.19299999999998	0.11902299999999998	0.245076	0.006058	0.01341	0.006435	0.005894	27.512	0.349264	40.594	38.873000000000005	76.795	0.839961	0.0005769999999999999	0.0027040000000000002	0.5442530000000001	2.8137639999999995	0.24338300000000004	3.0	0.0	0.2	0.0																				
FW109-2-7-25-12	20321.0	287.72	675813.8600000001	34549.13	3204.63	265288.05	15151.15	96.86999999999999	9.012	51.642	0.0	505.91999999999996	0.0	283.22499999999997	0.002859	0.00043400000000000003	0.046179000000000005	0.031427	-0.009589000000000002	69.60899999999998	0.07581	0.30430300000000016	0.009341	0.022624	-0.007942000000000001	0.0018549999999999999	30.366	0.48258900000000016	24.503	26.029	46.26900000000001	0.900057	0.0008160000000000001	0.002029	0.2985730000000001	9.402885000000003	0.3896860000000001	3.0	0.0	0.2	0.0																				
FW126-7-25-12	121928.0	211.3	150841.12	2879.61	0.0	709790.65	20804.59	138.2	119.5	332.0539999999999	0.0	10261.5	0.0	1088.11	0.004013	0.0028680000000000003	0.13246700000000003	-0.011937999999999999	-0.028028	1219.2939999999999	0.794685	1.1202370000000001	0.5717780000000001	1.8534269999999997	0.15412299999999998	0.0037480000000000005	91.9	-1.7143520000000003	185.78	118.51100000000001	757.06	9.389640000000002	0.044879999999999996	0.005588	2.321927	43.352669	1.9944339999999998	3.0	0.0	0.2	0.0																				
FW300-7-25-12	0.0	0.0	962458.21	0.0	0.0	13532.44	0.0	43.83	13.39	1.0318471013117283	0.14479692619030846	0.29357656118815817	0.20806526613913173	5.159690761736779	0.001385	0.0012740000000000002	0.07973500000000003	0.009972000000000002	-0.0036959999999999996	46.79400000000001	-7.7	0.0030570000000000003	0.002116	7.2	1.9394539999999998	0.002475	1.3109999999999997	0.011649	2.3069999999999995	1.4379999999999995	2.8919999999999995	0.007098	-0.00017700000000000002	-0.00041100000000000007	0.094397	0.018327000000000003	0.038375	3.0		0.2																					
FW301-7-25-12	0.0	578.72	895825.9	0.0	0.0	37023.5	0.0	41.690000000000005	11.58	2.8066110927038412	0.0	18.948405289656613	0.0	17.378234306943433	0.001382	0.000122	0.064839	0.009998	-0.002855	39.08	0.000653	0.002415	0.002316	0.0031049999999999997	-0.020801	0.002065	2.4759999999999995	0.017645	1.8759999999999997	0.594	10.031	0.037109	-5.5	-0.000539	0.07693200000000001	0.027496	0.039409	3.0	37.30000000000001	0.2	12.9																				
FW021-7-26-12	178008.0	0.0	701756.98	31656.93	1102.71	220723.58	27466.39	94.85	8.952000000000002	107.529	0.0	2512.06	0.0	13.346	0.001413	0.0013009999999999999	1.7964720000000003	0.039258	-0.019337000000000003	391.552	0.0983	0.5205810000000001	0.00603	0.054915000000000005	-0.004196	0.048963	19.300999999999995	0.10538400000000002	68.743	75.193	172.916	2.375331	0.001752	0.006157	0.926762	1.4739219999999997	0.493227	3.0	2.1	0.2	1.7300000000000002																				
FW104-7-26-12	252835.0	0.0	511810.16	1995.57	0.0	368202.29000000004	57403.99	198.8	46.52	186.154	0.0	5584.2	0.0	5533.2	0.002796	0.00176	0.199898	0.020529	-0.018068000000000004	1574.356	0.033988	0.086349	0.009114	0.15699400000000002	0.277276	0.005993	100.381	0.057696000000000004	230.611	122.765	375.8690000000001	0.3648800000000001	0.000703	0.001307	2.791376	34.15231100000001	0.21516	3.0	1.37	0.2	1.7900000000000003																				
FW511-7-26-12	45604.0	0.0	813252.9400000001	39225.4	8944.629999999997	101989.18000000001	0.0	26.34	2.9919999999999995	60.603	0.0	189.484	0.0	173.782	0.00137	-2.4	0.040583999999999995	0.01062	-0.003365	6.849	0.007057	0.011465999999999999	0.002225	0.001621	-0.020293	0.001404	12.809000000000001	0.014192	2.045	1.57	20.544	0.030872999999999998	-1.0	-0.0008610000000000001	0.012395	0.196631	0.047379000000000004	3.0	0.0	0.2	0.0																				
GW101-7-26-12	333175.0	3226.3500000000004	857194.58	0.0	37263.719999999994	62513.6	0.0	126.9	40.449999999999996	41.0079	0.0	6.9136	0.0	3.6492	0.001345	0.000763	0.853457	0.009966000000000001	-0.005117	124.881	0.00019700000000000002	0.0013499999999999999	0.004535	0.005213999999999999	3.3010889999999997	0.026188000000000003	2.779	0.011056	20.699000000000005	3.231	23.502	0.007065	-2.8	0.000152	0.5845569999999998	0.14600000000000002	0.037175	3.0	15.3	0.2	10.6																				
TPB16-7-26-12	52221.0							91.49000000000001	23.779999999999998	18.998187380961554	0.0	25.070770471782055	0.0	74.993	0.0013529999999999998	5.0	0.083431	0.009971	-0.004784	105.775	-2.7	-0.0003510000000000001	0.0039239999999999995	0.000129	-0.001322	0.002572	4.059	0.023678	18.491999999999997	0.463	19.064	0.0006640000000000001	-9.0	-0.000444	0.3928110000000001	1.146636	0.044344999999999996	3.0	2.4699999999999998	0.2	12.4																				
FW300-59-10-19-12	0.0	0.0	918269.8707	6690.012000000001	1576.0	38156.940800000004	0.0	48.13	44.54	2.18593701838816	0.0	3.6596595730048547	0.0	6.47158088815403	0.005314999999999999	0.001176	0.093011	0.009585000000000002	0.00028900000000000003	67.26	0.001255	0.0005510000000000001	0.002942	0.0019110000000000002	0.067279	0.0045260000000000005	1.546033	0.013979000000000002	4.088	0.19901700000000003	1.375	0.0034700000000000004	0.0016480000000000002	-0.0003310000000000001	0.11498999999999997	0.21562399999999998	0.05061300000000001	10.0	0.0	0.2	2.7199999999999998	0.0	0.0	964692.5038999999	0.030209999999999997																
FW301-81-10-19-12	0.0	0.0	928443.5784	13505.489	0.0	18505.940800000004	0.0	55.44	48.65	3.533586593223868	0.0	36.35660915539381	0.0	9.139392090519912	0.007645	0.00077	0.077388	0.014767999999999998	0.01314	78.81	0.005688	0.010565	0.0010689999999999999	0.002833	0.029660000000000002	0.004991	2.3716979999999994	0.020652	4.455	2.249315	9.377	0.048053000000000005	0.0028949999999999996	0.0014470000000000002	0.11968699999999999	0.15966300000000003	0.05767200000000001	10.0	10.8	0.2	2.42	0.0	0.0	960455.0081999998	0.4175250000000001																
FW300-59-10-23-12	0.0														0.0																																														
FW303-11-10-23-12	0.0	0.0	953339.9421	40537.195999999996	0.0	5405.030400000001	0.0	40.82	39.59	3.32829194917627	0.0	3.96236600609058	0.0	7.3974462453271554	0.007521	0.000769	0.072328	0.014679000000000001	0.01382	52.516000000000005	0.001639	0.001619	0.001497	-0.000582	-0.006527000000000001	0.004816	1.456132	0.020846999999999997	4.599	0.04315700000000001	1.596	-0.000458	0.002024	0.001452	0.16794900000000004	0.08129000000000002	0.040954	10.0	2.5700000000000003	0.2	10.8	0.0	0.0	999282.1685	0.017005000000000003																
FW300-59-10-29-12															0.0																																														
FW301-81-10-29-12															0.0																																														
FW303-11-10-29-12															0.0																																														
FW106-11-13-12	177614.0							43.18	47.87	318.17	0.0	2692.04	0.0	2062.69	0.021733	0.008416	0.077448	0.059091000000000005	-0.017555000000000005	273.264	0.13228	0.5093679999999999	0.38357400000000014	0.810474	0.037503	0.0073939999999999995	216.441	1.9458429999999998	25.502	32.498000000000005	865.339	7.183553999999999	0.03189	0.023621	0.3693560000000001	16.624554000000003	1.098733	10.0	0.0	0.2	0.0				108.49700000000001	0.0	0.0	28.132267555259876	8.331016287014723	0.0	0.0	631.0758870269766	22.638998147428584	0.0	0.0	0.7805195892478394	0.2311410339598459	0.0	0.0	17.508972256110106	0.6281108161759172
FW106-11-13-12 timepoint 2																																																													
FW126-11-13-12	121691.0							36.65	128.2	373.69	0.0	11648.3	0.0	1460.1899999999998	0.022647999999999998	0.0057	0.13143800000000003	0.14878100000000002	-0.027377000000000002	9837.807999999999	0.8663450000000001	1.364096	0.798055	1.5868609999999999	0.16726900000000003	0.008883	102.49100000000001	5.189805999999999	216.22899999999998	134.068	826.3249999999999	15.352205000000001	0.060266999999999994	0.005225	2.4300289999999998	55.28591400000001	2.188819	10.0	0.0	0.2	0.0				558.765	0.0	0.0	14.47468011434776	4.422722642144467	0.0	0.0	718.4813844404423	17.02234701089176	0.0	0.0	0.40505611065755587	0.12376445059869783	0.0	0.0	20.105817390246038	0.47634943363346205
FW126-11-13-12 timepoint 2																																																													
FW410-28-46-11-13-12	123000.0							11.49	2.106	49.62053460373891	0.0	1516.1299999999999	0.0	1.8510047258245732	0.021475000000000005	0.004415	3.2990399999999998	0.10063500000000002	-0.004966	86.804	0.167146	0.42602900000000016	0.008889000000000001	0.059104000000000004	0.20849600000000004	0.09872000000000002	45.933924000000005	1.7978939999999999	26.532	33.406288	94.641	1.819067	0.005324	0.000974	0.435433	13.022070000000001	0.4743480000000001	10.0	0.0	0.2	0.0				74.18899999999998	0.0	0.0	38.29216447425623	11.827951393220825	0.0	0.0	181.5990191295512	11.302895119063704	0.0	0.0	1.061989751622604	0.3280348169071423	0.0	0.0	5.036442830228562	0.31347297664985185
FW410-28-46-11-13-12 timepoint 2																																														0.0	0.0	36.59751101325095	10.895352053069344	0.0	0.0	194.41198204525222	12.104606964706894	0.0	0.0	1.0167952383310908	0.3027075279379141	0.0	0.0	5.401383103527139	0.33630447488975357
GW101-11-13-12	58601.0							115.9	4.0649999999999995	42.244264906123696	0.06764379814658532	1470.9	0.0	7.514374202428341	0.021622	0.004509000000000001	2.820179	0.038562	0.0025470000000000002	419.98299999999995	0.006574	0.008950999999999999	0.0072239999999999995	0.221579	4.5853209999999995	0.089215	4.856593999999999	0.06923500000000002	55.16900000000001	8.348398	36.375	0.025796	0.003335	-0.002665	2.2190759999999994	0.417331	0.09304	10.0	27.0	0.2	46.5				1.129193	0.0	0.0	42.71749353319894	8.155547856690653	0.0	1.234047296953627	283.4223318168649	2.6522100705100806	0.0	0.0	1.180139059402684	0.22531004936018598	0.0	0.03409252968349941	7.829995077405999	0.07327154378843784
GW101-11-13-12 timepoint 2																																																													
FW104-67-11-14-12	219754.0							117.0	6.504999999999999	244.60999999999999	0.0	9068.7	0.0	293.877	0.021213	0.004447	0.32145300000000016	0.040071	-0.011859	12146.135	0.12254600000000002	0.134148	0.011134999999999999	0.041435	3.19787	0.01447	88.86999999999999	0.07048600000000001	233.23999999999998	124.07499999999999	390.79799999999994	1.0402639999999999	0.004028	-0.000554	3.3615889999999995	8.988041	0.201248	10.0	0.0	0.2	1.5				5.802442	0.0	0.0	14.77648518467458	3.794160748087689	0.0	0.0	689.9343330323577	41.526804864113736	0.0	0.0	0.4127971053937475	0.10599398670487453	0.0	0.0	19.274062270431262	1.1600962360072005
FW104-67-11-14-12 timepoint 2																																																													
FW109-35-61-11-14-12	20321.0							17.3	4.504999999999999	63.373000000000005	0.0	570.4599999999999	0.0	613.7740000000001	0.022039999999999997	0.00394	0.06534699999999999	0.048899000000000005	-0.001498	74.713	0.07759700000000001	0.2997180000000001	0.012221	0.016853	0.017531	0.007072	35.376447	0.4147860000000001	21.662	30.282131999999994	41.879000000000005	0.9147949999999999	0.004041	-0.001377	0.26364899999999997	9.454861000000001	0.3942230000000001	10.0	1.03	0.2	0.0				45.433362	0.0	0.0	33.364746169888136	7.096561962616708	0.0	0.22689387202729144	339.1022684936875	11.514913792806274	0.0	0.0	0.928345747631835	0.1974558142074766	0.0	0.006313129438711499	9.435232846235047	0.3203927043073534
FW109-35-61-11-14-12 timepoint 2																																						10.0	0.0		0.0																				
FW109-40-92-11-14-12	8861.0							16.73	12.19	83.02499999999999	0.0	1330.08	0.0	252.524	0.021557000000000003	0.003622	0.131159	0.050736	-0.002863	216.86700000000002	0.13239099999999998	0.31513	0.02467	0.034886	0.028347	0.008977	34.582276	0.4669270000000001	25.509	35.348	78.65099999999998	1.250557	0.004759	-5.7	0.49772000000000005	4.366073	0.31297300000000006	10.0	0.0	0.2	0.0				61.05812600000001	0.0	0.0	28.675247309687407	7.688646364580503	0.0	0.0	391.7480895279012	17.146876180627114	0.0	0.0	0.8048740368172286	0.2158095367159879	0.0	0.0	10.995820291573835	0.48128880289182674
FW109-40-92-11-14-12 timepoint 2																																														0.0	0.0	24.076546045726978	5.5646819496140605	0.0	0.0	464.8733657534011	20.654138368101638	0.0	0.0	0.6818426565582107	0.15759060773170006	0.0	0.0	13.165114716473651	0.5849207999802223
GW122-78-11-14-12	49385.0							110.7	0.8710000000000001	78.722	0.0	420.6259999999999	0.0	37.375	0.021017	0.004116	0.3584540000000001	0.037989999999999996	0.0045260000000000005	196.316	0.00402	0.001348	0.007484	0.026183	-0.017708	0.017029	16.134232	0.14192500000000005	28.213	0.10732699999999999	62.234	0.007046	0.003425	-0.0009510000000000001	6.663481999999999	0.04311200000000001	0.07371600000000002	10.0	0.0	0.2	5.6099999999999985				0.045199	0.0	0.0	76.28776559827261	5.978234946924846	0.0	0.0	230.04833248238722	17.284398576943367	0.0	0.0	2.121579776357768	0.1662560472474789	0.0	0.0	6.397695435852584	0.480682979502291
GW122-78-11-14-12 timepoint 2																																																													
GW123-93-11-14-12	275283.0							175.9	2.194	14.501210950549687	0.07911341210627933	1.6428824546429477	0.0	0.23985368111617206	0.021701	0.003646	0.086385	0.038052	-0.018696	-0.6480000000000001	0.004059	-0.000308	0.008721999999999999	0.01634	-0.00157	0.007732	9.015685000000003	0.4763440000000001	16.527	0.007801000000000001	504.545	0.005137	0.003186	-0.0034070000000000003	0.3039420000000001	0.027211999999999997	0.044607	10.0		0.2	35.10000000000001				0.15226	0.06264233299430139	0.0	40.01003945349772	5.507596234842485	0.0	9.78410228092565	0.0	0.0	0.0017527724053359502	0.0	1.1195064062648012	0.15410605318678436	0.0	0.2737654181965261	0.0	0.0
GW123-93-11-14-12 timepoint 2																																																													
GW247-7-11-14-12	76795.0							108.3	2.244	254.95800000000003	0.0	14446.5	0.0	21.126	0.02124	0.00478	17.685613999999998	0.03801	-0.019150000000000004	17045.314999999995	0.017978000000000004	0.017647	0.008359	0.007999000000000001	-0.005012	0.516038	37.16971100000001	0.396801	495.014	23.759784	255.29399999999998	0.202324	0.003389	-0.0029840000000000005	12.269577	0.080439	0.09526300000000001	10.0	0.0	0.2	0.0				0.060756	0.0	0.0	53.683069541155184	5.249451149342391	0.0	0.0	290.900469095581	34.45048901904708	0.0	0.0	1.505751978603029	0.147241421220195	0.0	0.0	8.159443203623388	0.9662989178460422
GW247-7-11-14-12 timepoint 2																																									0.0																				
FW507-49-11-26-12	536389.0																																													0.0	0.0	34.07912086483256	6.9281558640596606	0.0	0.0	4.18250080063787	98.76094389489855	0.0	0.0	0.9554536521484964	0.19424009936244424	0.0	0.0	0.11726199396203517	2.768894916869422
FW510-26-11-26-12	1049149.0							16.630000000000003	1.775	77.74400000000001	0.0	850.47	0.0	22.681	0.021181000000000002	0.003835	0.46426300000000004	0.04357300000000001	0.0021319999999999998	157.80700000000002	0.16323	0.06413500000000001	0.008126	0.007812	-0.042246	0.020194	34.53807700000001	0.06986200000000001	22.697	8.801863	44.324000000000005	0.2966290000000001	0.0037640000000000004	0.000164	0.36331500000000005	0.8501749999999999	0.09872300000000002	10.0	1.47	0.2	1.34				15.174569	0.0	0.0	27.186091585667242	5.172508568618586	0.0	0.0	260.5556895708958	9.63319181657655	0.0	0.0	0.7683593800708619	0.14619039535974748	0.0	0.0	7.364074658608776	0.2722625011750764
FW510-26-11-26-12 timepoint 2																																																													
FW511-61-11-26-12	68525.0							10.44	1.292	71.286	0.0	118.54700000000001	0.0	6.7475	0.021093	0.0038280000000000002	0.07268500000000001	0.039016	0.006044	11.543000000000001	0.017369000000000002	0.015177999999999999	0.010114999999999999	0.001811	-0.014348	0.007326	16.315927	0.049030000000000004	17.12	1.4981939999999998	8.733999999999998	0.047077	0.003315	-0.002062	0.034300000000000004	0.234858	0.04385800000000001	10.0	0.0	0.2	0.0				1.5595329999999998	0.0	0.0	27.948856186219665	9.269307324596987	0.0	0.0	107.81433187839562	0.0	0.0	0.0	0.7857644630498374	0.26060072885369245	0.0	0.0	3.031131937316079	0.0
FW511-61-11-26-12 timepoint 2																																						10.0	0.0		0.0																				
GW115-2-11-26-12	34026.0							65.84	0.532	73.58	0.0	1.4527488940099917	0.0	14.680903401459553	0.020815	0.004076	0.26846500000000006	0.037899	0.003569	110.305	0.004077	-0.000161	0.006448000000000001	0.024487000000000002	0.523975	0.01316	2.306931	0.058304	20.626	0.7723659999999999	6.272	3.2	0.003349	-0.001533	0.193261	0.021271	0.08214400000000001	10.0	0.0	0.2	0.0				0.046098	0.0	0.0	37.660077859957475	7.959099199289353	0.0	0.0	82.44092920933177	0.0	0.0	0.0	1.05392992080031	0.22273806283517622	0.0	0.0	2.3071370780324005	0.0
GW115-2-11-26-12 timepoint 2																																																													
GW127-16-11-26-12	40879.0							100.2	2.9569999999999994	83.769	0.0	13.350400000000002	0.0	41.88399999999999	0.021071000000000003	0.0040149999999999995	0.055848	0.038153000000000006	0.0034240000000000004	127.92700000000002	0.004566000000000001	0.001872	0.008672000000000001	0.0047020000000000005	0.021262	0.006801000000000001	2.3177499999999998	0.043365	21.078	2.642573	44.214000000000006	0.003804	0.003318	-0.000594	0.28374000000000005	0.030796999999999998	0.088972	10.0	1.37	0.2	0.0				0.07517900000000001	0.0	0.0	0.0	0.0	0.0	0.0	0.0	0.0	0.0	0.0	0.0	0.0	0.0	0.0	0.0	0.0
GW127-16-11-26-12 timepoint 2																																														0.0	0.0	0.0	0.0	0.0	0.0	0.0	0.0	0.0	0.0	0.0	0.0	0.0	0.0	0.0	0.0
GW246-1-11-26-12	145085.0							30.54	5.142999999999999	286.88599999999997	0.0	13471.3	0.0	32.026	0.021363000000000004	0.0066630000000000005	5.467116999999999	0.056911	-0.03418	13116.11	0.30675600000000003	0.441116	0.007196	0.033077	0.033227	0.15947500000000003	32.081756000000006	0.491966	446.43299999999994	77.701	371.42799999999994	3.473997	0.0038989999999999997	0.010587000000000001	10.048642999999998	0.25944700000000004	0.229637	10.0	0.0	0.2	0.0				40.012504	0.0	0.0	47.89171922761728	9.188552154214388	0.0	0.0	336.5888353522413	32.50079552146555	0.0	0.0	1.346975649771264	0.25843206733833185	0.0	0.0	9.46670891160853	0.9140991568405441
GW246-1-11-26-12 timepoint 2																																																													
GW537-24-11-26-12	6852.0							76.7	0.513	18.159945846344293	0.0661940066448545	1405.59	0.0	5.730372217873918	0.021354000000000005	0.00401	1.1034469999999998	0.038123000000000004	-0.0037810000000000005	460.675	0.003959000000000001	5.7	0.010384000000000001	-0.000231	0.026294	0.040684	2.5556189999999996	0.06357	23.887	0.025172	8.679	-0.001581	0.003136	-0.0011140000000000002	1.3278029999999998	0.008457	0.040593000000000004	10.0	0.0	0.2	0.0				-0.06778300000000001	0.0	0.0	42.77815917145327	6.846591761156578	0.0	0.0	119.31948534001793	3.270977945589588	0.0	0.0	1.2018024770741187	0.1923470083201736	0.0	0.0	3.352141742941929	0.0918943094701387
GW537-24-11-26-12 timepoint 2																																																													
DP16D-67-11-27-12	69234.0							87.91000000000001	2.3259999999999996	23.712	0.0	141.02200000000002	0.0	64.844	0.010549000000000001	0.0019840000000000005	0.2691240000000001	0.020951000000000004	-0.0020380000000000003	139.76899999999998	0.010447	0.055654	0.004624	0.003405	1.9325530000000002	0.011049	5.9621439999999994	0.048015	11.246999999999998	9.392534000000003	29.261999999999997	0.24153800000000003	0.001666	-0.000124	0.37188000000000015	0.7444120000000001	0.07833200000000001	10.0	1.7600000000000002	0.2	8.800000000000002				3.4441260000000002	0.0	0.0	30.766146168067028	6.0819195995909965	0.0	0.7268592545133346	201.94480419349676	0.0	0.0	0.0	0.8674828333634194	0.17148591889671788	0.0	0.020494537148630605	5.694039479882048	0.0
DP16D-67-11-27-12 timepoint 2																																																													
FW021-46-11-27-12	222904.0							22.27	7.298	152.31300000000002	0.0	4506.900000000001	0.0	41.945	0.010662	0.003755	2.0734459999999997	0.07852100000000002	-0.031163	3970.124	0.172643	1.22539	0.004942	0.11837899999999998	0.0062369999999999995	0.059522000000000005	28.827000000000005	0.22695400000000004	117.90100000000001	128.45200000000003	269.202	5.339026	0.003687	0.012866	1.372827	3.7514659999999993	0.896697	10.0	2.7800000000000002	0.2	4.06				114.501	0.0	0.0	37.524153513086574	8.63104985142901	0.0	0.0	267.9503965370133	27.853560714667346	0.0	0.0	1.0609034072119474	0.24402176566098407	0.0	0.0	7.575640275290172	0.7874911143530491
FW215-84-11-27-12	39461.0							85.25	1.9279999999999995	15.592169699030967	0.0	5.503431376096612	0.0	75.91436938010949	0.010947	0.0016150000000000001	0.10443899999999998	0.019060000000000004	0.0018859999999999999	120.12199999999999	0.002402	0.000342	0.005292	0.000495	0.005812	0.00594	5.166201	0.040864	10.807	0.47450600000000004	16.763999999999996	0.0034600000000000004	0.0016330000000000001	-0.002121	0.39893300000000004	1.4522309999999998	0.040170000000000004	10.0	6.909999999999999	0.2	1.08				-0.019203	0.0	0.0	31.878056567972266	6.005957711604369	0.0	0.41638087549878583	173.47318508342812	0.0	0.0	0.0	0.8925177525540293	0.1681540362181697	0.0	0.011657778522798298	4.856880059451468	0.0
FW215-84-11-27-12 timepoint 2																																																													
GW345-51-11-27-12	42060.0							18.31	0.32500000000000007	7.844696603991072	0.0	171.018	0.0	8.280570380000364	0.021091000000000002	0.0034340000000000004	0.23062	0.038176	-0.004253999999999999	42.63	0.004149000000000001	0.001773	0.0070149999999999995	0.009135	-0.026734	0.012665	3.4317569999999997	0.043752000000000006	18.34	0.194231	5.448	0.017021	0.003416	-0.002658	0.17062799999999997	0.019004000000000004	0.08936999999999999	10.0	3.0700000000000003	0.2	9.629999999999999				0.07450500000000002	0.0	0.0	27.632395598486184	4.780788446913682	0.0	0.0	120.2122088260101	6.387112802162627	0.0	0.0	0.7769765942662856	0.13442774847918354	0.0	0.0	3.3801655839053577	0.1795948937735527
GW345-51-11-27-12 timepoint 2								14.67	0.3390000000000001	7.610319556078741	0.0	154.93900000000002	0.0	9.358712073521485	0.020851	0.003725	0.181976	0.038104	0.004999	38.114000000000004	0.004017	0.0010170000000000001	0.009923	0.029622	0.009962	0.010794	2.4695500000000004	0.04337100000000001	18.091	0.16304700000000003	5.226	0.015387	0.003972000000000001	-0.0024490000000000002	0.13931100000000005	0.004263	0.201652								0.047241																
GW346-47-11-27-12	75378.0							12.57	0.508	50.27685955203815	0.00299576166231292	4590.63	0.0	18.402315449441097	0.020996	0.004095	2.065393	0.037877	-0.011274000000000001	4810.112000000001	0.004011	0.0030919999999999997	0.034721	0.011697999999999998	0.00014900000000000002	0.072177	24.121426	0.20646700000000004	217.505	0.135647	107.117	0.007985	0.003409	-0.0006410000000000001	26.026379000000002	0.019734	0.08166500000000002	10.0	0.0	0.2	0.0				0.042785	0.0	0.0	45.71041405777225	6.211513078443798	0.0	0.0	15.648994614188732	13.99798350551977	0.0	0.0	1.2824153870994346	0.174265320346869	0.0	0.0	0.4390358717929731	0.3927164040376997
GW346-47-11-27-12 timepoint 2																																																													
GW526-15-11-27-12	81285.0							9.38	2.4699999999999998	31.07523976779613	0.0462293495983343	5849.96	0.0	3.0214305398798467	0.021266	0.004116	17.947076000000003	0.03806	-0.016028	190.906	0.003989	1.8	0.009408	0.023353000000000002	0.010596000000000001	0.544331	22.785692999999988	0.6453250000000001	72.738	0.039895	1416.037	0.0055969999999999995	0.0032210000000000003	0.00034	21.626752	0.010329	0.072819	10.0	0.0	0.2	2.9099999999999997				0.052463	0.0	0.0	47.7428079945655	3.8872558785310485	0.0	0.0	0.0	8.638666289414799	0.0	0.0	1.3466887057025134	0.10964842261455063	0.0	0.0	0.0	0.24367218462751888
GW526-15-11-27-12 timepoint 2																																																													
FW233-17-2-99-11-28-12	33553.0							80.73	4.109	15.951711203961567	0.0	5.033448347047407	0.0	74.895	0.010482	0.0020610000000000003	0.411279	0.018977000000000004	-0.00039600000000000003	119.865	0.0022600000000000003	0.00031200000000000005	0.0033770000000000002	0.060110000000000004	3.3440639999999995	0.015875999999999998	4.813809999999999	0.038467999999999995	10.685	0.5767329999999998	15.424000000000001	-0.001331	0.001729	-0.00047700000000000005	0.39756	1.31091	0.040753000000000004	10.0	2.5700000000000003	0.2	16.7				0.06506500000000001	0.0	0.0	61.72239490021913	13.58652760140528	0.0	2.0226974252936043	132.02810818914594	0.0	0.0	0.0	1.7363601682341439	0.3822130588067986	0.0	0.05690205714388291	3.7141842684093156	0.0
FW233-17-2-99-11-28-12 timepoint 2																																																													
FW602-2-26-2-11-28-12	73487.0							51.730000000000004	1.596	23.824605477442052	0.0	816.56	0.0	7.676638092521049	0.005267	0.001098	0.6196590000000001	0.009503000000000001	-0.003684	1854.505	0.001106	0.0014240000000000001	0.002702	0.000233	-0.020108	0.020796	3.2758029999999994	0.016836999999999998	29.88	0.262274	19.783999999999995	0.004266	0.000813	0.00013700000000000002	0.782737	0.045335	0.037458	10.0	1.6600000000000001	0.2	1.44				-0.011804	0.0	0.0	55.67897746822748	12.169991335709751	0.0	0.0	94.55197901460555	3.893812547438337	0.0	0.0	1.5617350350114294	0.341355080660545	0.0	0.0	2.652080641046941	0.10921722617071516
FW602-2-26-2-11-28-12 timepoint 2								43.660000000000004	0.822	24.643542474575135	0.0	846.24	0.0	5.286322858471221	0.005238	0.000808	0.7166520000000002	0.009507000000000002	-0.002101	1885.369	0.001052	0.001258	0.0030810000000000004	0.0024820000000000003	-0.0042439999999999995	0.022108	2.9075059999999997	0.017928000000000003	29.159	0.18649800000000002	20.711	0.009863	0.0009530000000000001	-0.0008620000000000001	0.733509	0.008261	0.136983		15.3		1.6600000000000001				-0.008222																
GW084-56-11-28-12	10160.0							58.0	0.261	1.7199619772374957	0.0	0.287190424097207	0.0	8.317227703354847	0.007291	0.000858	0.10728600000000003	0.014709999999999999	0.014281	79.94300000000001	0.001578	0.0015270000000000001	0.00075	0.004724	-0.004159	0.006085	0.3848240000000001	0.018318000000000004	4.679	0.0047420000000000006	2.214	-0.0010840000000000001	0.0020680000000000004	0.002134	0.061614	0.019987000000000005	0.020397000000000002	10.0	1.96	0.2	0.0				0.01226	0.0	0.0	44.59354760530968	7.991905616589449	0.0	0.0	86.64351434303826	0.0	0.0	0.0	1.24396193944738	0.222938674865807	0.0	0.0	2.4169692686631965	0.0
GW084-56-11-28-12 timepoint 2																																																													
GW531-83-11-28-12	2599.0							10.729999999999999	2.62						0.005419	0.001041	0.11021800000000001	0.009576000000000003	0.0019340000000000004	5.437	0.001029	-1.7000000000000002	0.005687	0.00041400000000000003	-0.012547	0.005221	0.558304	0.018147	3.621	0.004077	2.14	0.0024680000000000006	0.000799	-0.000422	0.06379600000000002	0.0052759999999999994	0.02785	10.0	1.4500000000000002	0.2	1.55				-0.012975	0.0	0.0	51.83165429668258	11.040960548173333	0.0	0.0	20.2530512027138	0.0	0.0	0.0	1.4481351781594376	0.3084756523293846	0.0	0.0	0.5658541350780566	0.0
GW531-83-11-28-12 timepoint 2																																																													
GW533-48-11-28-12	19376.0							20.29	0.253	2.4003586315931127	0.0	1.275802605885955	0.5901027424858286	7.240857443123379	0.0052239999999999995	0.0009750000000000001	0.07013100000000001	0.009591	-0.000106	22.915	0.0009989999999999999	-1.9	0.003537	0.000255	-0.027304000000000002	0.0038480000000000003	0.557096	0.015953000000000002	3.8509999999999995	0.0033780000000000004	2.089	0.0021880000000000003	0.0008190000000000001	-0.0007379999999999999	0.04078	0.003716	0.049206	10.0	0.0	0.2	0.0				-0.014937	0.0	0.0	35.03745984171245	7.856764539035102	0.0	0.0	68.13170800720782	0.0	0.0	0.0	0.9783993700737892	0.21939528466211794	0.0	0.0	1.9025357573708592	0.0
GW533-48-11-28-12 timepoint 2																																																													
TPB16-81-11-28-12	28119.0							89.41000000000001	1.616	15.223797107720744	0.0	3.6207869480141692	0.0	85.85	0.010616	0.0017480000000000002	0.10251300000000002	0.019038000000000003	0.000805	125.798	0.002014	0.00013000000000000002	0.007008	-2.0	0.062203	0.005764	5.026424	0.038097	10.790999999999999	0.286644	16.381999999999998	0.00237	0.001587	-0.0012100000000000001	0.395558	1.5326469999999999	0.031075000000000002	10.0	11.600000000000001	0.2	13.8				-0.016955000000000005	0.0	0.0	30.74881628898756	6.186972864830496	0.0	0.0	162.3779954732369	0.0	0.0	0.0	0.8604677847764813	0.17313482201848318	0.0	0.0	4.5439483831883845	0.0
TPB16-81-11-28-12 timepoint 2																																																													
FW603-55-12-3-12	51275.0							70.47	0.38100000000000006	38.21612370640711	0.0	3752.6	0.0	3.451921780288867	0.005223	0.001305	4.953352	0.009572000000000002	-0.00457	6863.202	0.0011070000000000001	0.018987000000000004	0.0024530000000000003	0.001239	-0.012672000000000001	0.14673200000000003	5.955179	0.053500000000000006	97.48	0.10174500000000002	29.198	0.003019	0.0008230000000000001	-0.00044500000000000003	2.663817	0.048609000000000006	0.033036	10.0	0.0	0.2	0.0				-0.000436	0.0	0.0	55.10141763703795	11.234650735829524	0.0	0.0	238.87263761673725	4.87822586408422	0.0	0.0	1.5435435496957237	0.3147137300641359	0.0	0.0	6.69148517050639	0.13665263779719367
FW603-55-12-3-12 timepoint 2								70.53	0.8690000000000001																																					0.0	0.0	48.68758642067503	8.781261973983163	0.0	0.0	149.85532562740022	8.946643689343443	0.0	0.0	1.36014041850137	0.24531405670977663	0.0	0.0	4.186370701402397	0.24993417391170633
GW085-58-12-3-12	18667.0							37.480000000000004	0.499	3.2409916407636277	0.0	54.72832731579661	0.0	9.0679273091633	0.007324	0.000827	0.10850100000000001	0.014720999999999998	0.013188	84.117	0.001588	0.0015420000000000002	0.0012150000000000002	0.004531	-0.00236	0.0061070000000000004	0.7577840000000001	0.018714	4.653999999999999	0.002672	2.161	-0.0009310000000000001	0.0019800000000000004	0.0027919999999999998	0.098845	0.017393000000000002	0.040461	10.0	0.0	0.2	0.0				0.016477000000000002	0.0	0.0	82.8585991786264	17.924940194185186	0.0	0.0	123.33108232002907	0.0	0.0	0.0	2.307331992387471	0.49914901267536926	0.0	0.0	3.434353883769014	0.0
GW085-58-12-3-12 timepoint 2																																																													
GW086-25-12-3-12	29536.0							47.63	0.395	2.4681083709904272	0.0	26.97366729962667	0.0	32.80098506063228	0.007318	0.000759	0.095649	0.014721999999999999	0.013048	64.77799999999999	0.001577	0.0015450000000000001	0.001021	0.003995	-0.00497	0.005622	0.7768169999999999	0.018034	4.286	0.0030840000000000004	2.0989999999999998	-0.0008510000000000001	0.0019500000000000001	0.002091	0.065004	0.015728	0.039467999999999996	10.0	0.0	0.2	1.6800000000000002				0.010166999999999999	0.0	0.0	49.489899143356105	10.166064229647894	0.0	0.0	263.070012095287	0.0	0.0	0.0	1.4079629912761338	0.2892194659928277	0.0	0.0	7.484210870420682	0.0
GW086-25-12-3-12 timepoint 2																																																													
GW694-33-12-3-12	112476.0							44.120000000000005	1.179	15.642567806312902	0.0	19.482925859017953	0.0	15.154153900845705	0.010475	0.0018	0.07464600000000002	0.018945000000000004	0.0010450000000000001	58.095000000000006	0.002043	-5.2	0.003285	0.009992000000000001	-0.027667	0.005019	2.1096579999999996	0.028293	9.55	0.028555000000000004	3.262	0.004012	0.001605	-0.001449	0.12067000000000001	0.028350000000000004	0.032348	10.0	1.9300000000000002	0.2	4.659999999999999				0.028965000000000005	0.0	0.0	67.29166375800784	12.353226647650159	0.0	0.0	59.0086765469478	0.0	0.0	0.0	1.8963410950544684	0.34812531062843904	0.0	0.0	1.6629188825404477	0.0
GW694-33-12-3-12 timepoint 2																																																													
GW736-14-12-3-12	49858.0							73.42	1.1739999999999997	56.943000000000005	0.0678934765003102	28.835646208688562	0.0	44.81981892807986	0.010613	0.002055	0.183392	0.019031000000000003	-0.000728	117.93	0.002066	0.00033600000000000004	0.00363	0.00479	-0.018452000000000003	0.008745	3.7153110000000007	0.025517	10.558	0.405019	27.048999999999996	0.00592	0.0016430000000000001	-0.000789	0.31908100000000006	0.04065100000000001	0.036858	10.0	1.3	0.2	1.34				0.027257	0.0	0.0	47.06823686978999	5.667224789441194	0.0	0.0	138.213954193762	0.0	0.0	0.0	1.317958078844958	0.15868800687260093	0.0	0.0	3.870130042106855	0.0
GW736-14-12-3-12 timepoint 2																																						10.0	1.28																						
GW105-12-11-12	45604.0							35.51	0.536	20.68044278027957	0.0	729.98	0.0	18.5641009849245	0.020949	0.003998000000000001	1.23925	0.038035	0.0011400000000000002	220.99200000000002	0.004223	0.001183	0.007411	0.014833	0.007715	0.044192	3.232514	0.057489	22.972999999999995	0.16541900000000004	5.786	0.012862	0.0034750000000000002	-0.001146	0.5314650000000001	0.004905	0.22041900000000003	10.0	2.4699999999999998	0.2	1.26				0.038856	0.0	0.0	56.751296581529274	10.863143866780794	0.0	0.0	89.46141143180972	11.827865061145085	0.0	0.0	1.6027817606622594	0.30679913767455924	0.0	0.0	2.526587534789023	0.3340449915596784
GW105-12-11-12 timepoint 2																																																													
GW107-91-12-11-12	77504.0							110.4	1.548	248.99200000000002	0.22770965244585653	84.12699999999998	0.0	940.61	0.020835999999999997	0.004479	0.04007	0.037960999999999995	0.006556	544.261	0.004248	0.000282	0.008417	0.009843000000000001	-0.007977000000000001	0.0062239999999999995	2.053313	0.06312100000000001	23.108	0.181742	14.931000000000001	0.003082	0.0034170000000000003	-0.000543	0.7642729999999999	0.009589000000000002	0.106049	10.0	0.0	0.2	1.6				0.029267	0.0	0.0	73.47385981255047	15.683323939186684	0.0	0.0	157.1787001401933	0.0	0.0	0.0	2.061903233219692	0.4401224655998958	0.0	0.0	4.410919350625618	0.0
GW107-91-12-11-12 timepoint 2																																																													
GW190-22-12-11-12	19612.0							34.68	0.14500000000000002	11.115553035880309	0.0	0.4957004032097163	0.0	30.493783638477858	0.020864	0.0036919999999999995	0.136876	0.038043999999999994	0.008702	48.488	0.003973000000000001	-0.000145	0.009194	0.023717	-0.01352	0.009309000000000001	1.2435919999999998	0.051726	18.140999999999995	0.15258000000000005	5.42	0.0089	0.00331	-0.002539	0.160268	0.0048130000000000004	0.081805	10.0	0.0	0.2	0.0				0.034842000000000005	0.0	0.0	45.35319370231223	7.958938184749918	0.0	0.0	51.500321945189405	0.0	0.0	0.0	1.277626731148578	0.2242080732646886	0.0	0.0	1.4507950291619076	0.0
GW190-22-12-11-12 timepoint 2																																																													
GW631-98-12-11-12	117674.0							27.58	1.7920000000000003	84.12199999999999	0.19870206543556246	1.4021013227372516	0.0	14.898018598456693	0.02089	0.003621	0.24642000000000003	0.038847	0.008922	13.661	0.004113	0.06878300000000001	0.006442000000000001	0.09245799999999998	0.30692500000000006	0.012678	2.4429380000000003	0.05384200000000001	18.177000000000003	2.6420790000000003	8.386000000000003	0.026513000000000002	0.0036119999999999998	-0.0015480000000000001	0.07763300000000002	0.005671	0.141123	10.0	2.17	0.2	6.329999999999998				0.3277130000000001	0.0	0.0	29.79419234832159	5.186367630556098	0.0	1.5057501653243073	221.73077209539383	0.0	0.0	0.0	0.8271339593104465	0.14398177814486268	0.0	0.0418020089759948	6.155597348640899	0.0
GW631-98-12-11-12 timepoint 2																																																													
PTMW02-4-12-11-12	45841.0							82.28	8.165000000000001	106.025	0.0	5077.57	0.0	124.318	0.021127	0.004893000000000001	0.33262900000000006	0.040563	-0.005617	7287.305	0.32485000000000014	0.08445799999999999	0.009344000000000002	0.270703	0.04369200000000001	0.015278	38.774491000000005	0.043089	149.30700000000002	52.052	175.918	0.348563	0.005968	-1.9	2.133306	0.851718	0.181435	10.0	0.0	0.2	0.0				4.2217150000000006	0.0	0.0	23.158891313840744	4.409450937437483	0.0	0.0	608.7081178874366	24.814925136858903	0.0	0.0	0.6816651355107065	0.12978898385346102	0.0	0.0	17.916881082222783	0.7304092875981308
PTMW02-4-12-11-12 timepoint 2																																																													
GW151-12-12-12	64981.0							56.21	0.398	27.075125770436006	0.10021755729356692	3.6870823499526137	0.0	26.059734031481884	0.010406	0.001706	0.193583	0.019089000000000002	0.001629	59.840999999999994	0.002003	-9.3	0.003006	0.002819	-0.015112999999999998	0.008547	2.5058699999999994	0.027465000000000003	29.864	0.005513999999999999	2.929	0.003053	0.0018889999999999998	-0.001577	0.567239	0.007109000000000001	0.04385300000000001	10.0	0.0	0.2	1.02				0.019572000000000003	0.0	0.0	70.90852258039733	15.078190240091294	0.0	0.24575434785326677	47.806986707931344	0.0	0.0	0.0	1.9793027935909924	0.4208845845105735	0.0	0.00685985618571575	1.3344588055249504	0.0
GW151-12-12-12 timepoint 2																																																													
GW220-50-12-12-12	37098.0							57.339999999999996	0.393	22.103124781810692	0.14736995778696194	2.069695056036134	0.0	20.475833100665866	0.010424999999999999	0.001567	0.117087	0.019049	-0.00041100000000000007	61.493	0.002316	-7.6	0.003519	0.003425	-0.027614	0.006333999999999999	2.7981599999999998	0.025087	29.826	0.024693	2.5119999999999996	0.0031149999999999997	0.001679	-0.0012070000000000002	0.451179	0.004912	0.037703	10.0	2.42	0.2	1.7100000000000002				-0.018616	0.0	0.0	62.04068890831594	12.332708857086502	0.0	0.0	82.51419454665911	0.0	0.0	0.0	1.737639729674993	0.34541532761277455	0.0	0.0	2.311063033460091	0.0
GW704-5-12-17-12	29773.0							53.349999999999994	0.43400000000000005	34.02837618894126	0.1886650643435576	47.47026061856033	0.2346819924499559	25.140027913887234	0.01045	0.0019310000000000002	0.10999500000000004	0.01904	-0.0016870000000000001	69.512	0.0020080000000000002	-5.7	0.003223	0.013120999999999999	-0.032516	0.006124	2.813594	0.031871000000000003	31.185	0.007856000000000002	10.120000000000001	0.005243	0.001751	-0.000134	0.325243	0.014234000000000002	0.065883	10.0	0.0	0.2	0.0				0.019545000000000003	0.0	0.0	44.03709574623581	7.7831503375269415	0.0	0.0	139.08248776391275	0.0	0.0	0.0	1.2513738099581087	0.22116877433227083	0.0	0.0	3.952217548916278	0.0
GW704-5-12-17-12 timepoint 2																																																													
GW737-12-12-12	77032.0							89.06	0.786	5.291861783104171	0.0	1.3803807690975478	0.0	3.6113942217093933	0.010610999999999999	0.002013	0.15201300000000004	0.019022	-0.003979000000000001	103.841	0.002035	0.00039500000000000006	0.003539	0.004908	-0.022925	0.007514999999999999	2.7719489999999998	0.025292	9.992000000000003	0.4998250000000001	22.112	0.004727	0.001677	-2.1	0.22526	0.010844000000000001	0.03844399999999999	10.0	0.0	0.2	0.0				0.021259	0.0	0.0	84.92990018813461	16.874946542552387	0.0	0.0	133.08685638389343	0.0	0.0	0.0	2.379855414804679	0.47285976805426044	0.0	0.0	3.729281149547269	0.0
GW737-12-12-12 timepoint 2																																																													
GW750-28-12-12-12	6970.0							59.91	0.778	7.459304383332093	0.0	0.5670986746599528	0.0	14.799123979797569	0.01067	0.002072	0.629933	0.018986000000000003	0.000684	71.788	0.002134	-4.6	0.0037470000000000003	0.001062	0.020184	0.023098	5.514012999999999	0.029835999999999998	9.133000000000001	0.049348	2.626	0.00315	0.0017340000000000003	-0.0005220000000000001	0.731292	0.008609	0.039299	10.0	0.0	0.2	0.0				-0.026731	0.0	0.0	70.51543608233452	14.969726005838767	0.0	0.0	53.612469457854544	0.0	0.0	0.0	1.9694848643261793	0.4181020557993176	0.0	0.0	1.4973877069001942	0.0
GW750-28-12-12-12 timepoint 2																																																													
GW800-12-12-12	19848.0							52.15	0.6020000000000001	1.8532904919778417	0.0	0.0	0.0	6.633147802542688	0.010819	0.001805	0.094102	0.019002	-0.0022410000000000004	42.446000000000005	0.0020180000000000003	-8.5	0.003164	0.00855	-0.019413000000000003	0.005614999999999999	0.9973889999999999	0.022201	16.835	0.013523	1.354	0.003152	0.001657	-0.001067	0.050741	0.003299	0.043229000000000004	10.0	0.0	0.2	1.6600000000000001				0.03025	0.0	0.0	48.910412380917116	13.442733772739137	0.0	0.0	92.18691090356272	0.0	0.0	0.0	1.3717302103690014	0.3770118289415285	0.0	0.0	2.585452964537882	0.0
GW148-12-17-12	51512.0							83.58	1.7420000000000002	245.812	0.2147553258508679	0.0	0.0	15.513430847778753	0.010375	0.001991	0.34392600000000006	0.019065000000000006	0.000275	188.52100000000002	0.00202	0.000635	0.004337	0.009162	0.062092	0.013431	2.901728	0.026304000000000004	9.426	1.1283580000000002	45.16900000000001	0.095961	0.0018529999999999998	-0.00043500000000000006	0.734546	0.0036949999999999995	0.050943	10.0	2.02	0.2	6.9				0.015466999999999998	0.0	0.0	39.995363909839924	7.781907549440147	0.0	0.0	131.46061650414242	0.0	0.0	0.0	1.1134256816302417	0.21663950194705453	0.0	0.0	3.6597148326645255	0.0
GW148-12-17-12 timepoint 2																																																													
GW383-12-17-12	30954.0							49.790000000000006	0.38400000000000006	30.736781482526837	0.11305203234021213	0.0954660184121812	0.0	22.718162818114518	0.010542000000000001	0.001681	0.4766600000000001	0.019004000000000004	0.002291	74.532	0.0022810000000000005	-6.9	0.003959000000000001	0.062411	-0.011484999999999999	0.017848999999999997	3.0017069999999997	0.03288	8.818000000000001	0.009420999999999999	4.109	0.003582	0.0017540000000000001	-0.0014709999999999999	0.3825850000000001	0.0023810000000000003	0.058336000000000006	10.0	9.11	0.2	2.94				0.029277	0.0	0.0	44.80408561777347	6.85886562149774	0.0	0.0	231.9696000951178	0.0	0.0	0.0	1.2492425935528646	0.1912411995398785	0.0	0.0	6.4678544568553695	0.0
GW383-12-17-12 timepoint 2																																																													
GW384-12-17-12	74669.0							86.09	0.8780000000000001	46.229368786900395	0.19525010370065055	0.0	0.0	27.822616926590946	0.010477	0.002308	0.561307	0.019088000000000004	-0.0017100000000000001	126.804	0.002014	-9.0	0.003012	0.06452100000000001	1.369607	0.020567000000000002	3.5173459999999994	0.034541	10.230999999999998	0.5799900000000001	3.709	-0.000294	0.001683	-0.000581	0.694585	0.002797	0.045163999999999996	10.0	2.15	0.2	1.96				0.027724	0.0	0.0	66.74967602363517	15.994590004660987	0.0	0.0	24.477926579778504	0.0	0.0	0.0	1.8562717545992706	0.44480074542287007	0.0	0.0	0.6807176667810145	0.0
GW384-12-17-12 timepoint 2																																																													
GW621-21-12-17-12	38988.0							49.18	0.984	10.119866044413278	0.0	7.631743647382939	0.0	23.046850444427363	0.010531	0.001898	0.048957	0.018944000000000003	-0.0005210000000000001	71.979	0.002035	-2.3	0.0064670000000000005	0.010476000000000001	-0.024546	0.004132	1.2252429999999999	0.023547	8.951	0.009361	2.3189999999999995	0.005181000000000001	0.0016120000000000002	-0.0008910000000000001	0.10278300000000001	0.016434	0.035342	10.0	4.91	0.2	9.4				0.022439999999999998	0.0	0.0	72.83482043663072	14.265216959324379	0.0	0.0	69.14365780048884	0.0	0.0	0.0	2.05099178972265	0.40170131108707985	0.0	0.0	1.9470505125165822	0.0
GW621-21-12-17-12 timepoint 2																																																													
GW706-96-12-17-12	61909.0							74.33	1.1719999999999997	41.413194732966865	0.0825510592517663	75.72	0.0	28.198187284899976	0.010466999999999999	0.001786	0.160695	0.018980000000000004	-0.002369	114.57499999999999	0.002039	6.4	0.003127	0.012187	-0.024663	0.007724	6.023609	0.0363	11.321	0.037721	17.763999999999996	0.006143000000000001	0.0016950000000000001	-0.000804	0.32118100000000016	0.052441	0.055944999999999995	10.0	0.0	0.2	14.400000000000002				0.020586	0.0	0.0	81.40650647284593	17.311997664572395	0.0	0.0	230.3358486869575	0.0	0.0	0.0	2.2774873117962717	0.48433296957733885	0.0	0.0	6.4440423200245505	0.0
GW706-96-12-17-12 timepoint 2																																														0.0	0.0	42.04954975494371	5.3207928861136935	0.0	0.3488547683705836	359.91825218904376	0.0	0.0	0.0	1.161942848792277	0.14702790588614478	0.0	0.009639801275818165	9.945515272293893	0.0
GW089-62-1-7-13	96172.0							39.92	0.171	2.1355119848734483	0.0	0.22598441003891961	0.4162408138507773	13.312968444195944	0.007292	0.000613	0.06871500000000001	0.014726999999999999	0.014091	45.373999999999995	0.001586	0.001521	0.003158	0.00465	-0.0073290000000000004	0.004649	1.3874819999999999	0.023164	5.394999999999999	0.011937	2.186	-0.0009240000000000001	0.0019840000000000005	0.001502	0.10991200000000002	0.016319	0.024312	10.0	23.1	0.2	8.639999999999999				0.011842	0.0	0.0	51.930658551074416	14.776493535323096	0.0	0.0	69.76553045507927	0.0	0.0	0.0	1.4452884292414467	0.4112463759796025	0.0	0.0	1.9416529029272567	0.0
GW089-62-1-7-13 timepoint 2																																																													
GW654-0-1-7-13	49858.0							30.979999999999997	0.34500000000000003	1.2589722310217892	0.0	0.45979771535794856	0.0	15.642404371854711	0.007266	0.000774	0.03948399999999999	0.014732	0.012778	16.619000000000003	0.001586	0.001521	0.00037500000000000006	0.006922	-0.008672000000000001	0.003535	0.9958839999999999	0.025278000000000002	4.28	0.011428999999999998	39.949000000000005	-0.0009130000000000001	0.002012	0.0024270000000000003	0.096385	0.016587	0.019970000000000005	10.0	3.36	0.2	2.77				0.014937	0.0	0.0	59.312894334733194	12.42873216363191	0.0	0.0	36.69436972376985	0.0	0.0	0.0	1.6385682726872537	0.34335411248223424	0.0	0.0	1.0137126284261522	0.0
GW654-0-1-7-13 timepoint 2																																																													
GW753-79-1-7-13	2481.0							29.55	0.35500000000000004	3.146949366334609	0.0	0.2560051549879583	0.4735248905392314	3.106208732991999	0.010546000000000002	0.0016940000000000002	0.3829850000000001	0.018969000000000003	-0.000228	20.211	0.001962	-0.000131	0.0029780000000000006	-0.000248	-0.049422	0.015007	2.7161559999999993	0.03331900000000001	8.908000000000001	0.004736	4.402	0.010417999999999998	0.0016040000000000002	-0.0008150000000000001	0.411756	0.003151	0.026817	10.0	5.8999999999999995	0.2	4.73				-0.028291999999999998	0.0	0.0	57.841493149198804	8.458562661868033	0.0	0.0	1074145.218140879	0.0	0.0	0.0	1.6014145781776574	0.2341859592421726	0.0	0.0	29739.063045512863	0.0
GW753-79-1-7-13 timepoint 2																																														0.0	0.0	78.58849224797429	13.813513622906877	0.0	0.0	1125754.2419534517	0.0	0.0	0.0	2.1908642705242203	0.3850886126092633	0.0	0.0	31383.408378730775	0.0
GW754-40-1-7-13	70888.0							18.14	0.8340000000000001	1.4807781369108457	0.0	0.9333597310139398	0.0	22.51677126451836	0.010512	0.001758	0.148874	0.019051000000000005	0.002075	13.767000000000001	0.001994	-9.6	0.004953999999999999	-0.00013800000000000002	-0.014099	0.007419	3.1714699999999993	0.020855000000000002	8.072000000000001	0.016454000000000003	1.8879999999999997	0.005678	0.0016250000000000001	-0.001039	0.09084699999999998	0.00199	0.040431	10.0	8.07	0.2	6.359999999999999				-0.034684	0.0	0.0	70.86134833346142	16.440589434246284	0.0	0.0	57.95698327311725	0.0	0.0	0.0	1.9737437561545716	0.4579296260444067	0.0	0.0	1.6143107145317053	0.0
GW754-40-1-7-13 timepoint 2																																																													
GW056-87-1-8-13	22684.0							47.57	0.7430000000000001	61.139	0.0	2.5641707111763483	0.0	15.030364679803881	0.010476000000000001	0.0018599999999999999	0.08425500000000001	0.019074000000000004	-0.002116	65.466	0.0024280000000000005	0.000122	0.021873	0.018343	-0.024877	0.005208	3.029706	0.027871999999999997	9.875000000000002	0.13911500000000004	38.77	0.024656	0.002116	-0.001165	0.13262700000000002	0.007304	0.063156	10.0	5.1499999999999995	0.2	4.03				0.018913000000000003	0.0	0.0	68.21112538075643	15.331558004202002	0.0	0.0	49.394148704299454	0.0	0.0	0.0	1.8993964519034419	0.42692019392409236	0.0	0.0	1.3754218284779307	0.0
GW056-87-1-8-13 timepoint 2																																																													
GW057-10-1-8-13	11342.0							98.66	1.356	114.224	0.0	0.0	0.0	35.45279638088773	0.01048	0.0014629999999999999	0.063581	0.019029	-0.004135	76.854	0.002822	-5.0	0.005681	0.015923	-0.026145	0.004582000000000001	0.6848500000000002	0.021381000000000004	9.849	0.021544	132.87800000000001	0.009958	0.0017380000000000002	-0.0014320000000000001	0.14084100000000005	0.004072	0.066497	10.0	5.46	0.2	6.1899999999999995				0.017345000000000003	0.0	0.0	60.447843637773396	11.48754078963692	0.0	0.0	186.88640337248688	0.0	0.0	0.0	1.6873560640289589	0.3206660559858454	0.0	0.0	5.216793305395457	0.0
GW057-10-1-8-13 timepoint 2																																																													
GW223-39-1-8-13	1063.0							52.64	1.161	563640.0	0.07881334022595922	0.0	0.0	41.612100357533116	0.010652	0.004095	0.27396200000000004	0.018942	-0.000546	77.863	0.003096	0.000306	0.003354	0.029101000000000002	0.14959500000000003	0.011232	2.1288020000000003	0.023079	9.122000000000002	0.4187240000000001	24.481999999999996	0.001198	0.0017280000000000002	-0.000598	0.22404300000000005	0.042048	0.072319	10.0	0.0	0.2	3.2399999999999998				0.05455600000000001	0.0	0.0	112.77870448441217	27.10252802626495	0.0	0.0	53.975494549960004	0.0	0.0	0.0	3.1543843729033147	0.7580490595548613	0.0	0.0	1.5096773571437359	0.0
GW223-39-1-8-13 timepoint 2																																																													
GW223-39-1-8-13 timepoint 3																																																													
GW685-6-1-8-13	15359.0							85.6	0.916	96.05199999999999	0.0	1.5601964590400337	0.0	21.18612940378959	0.010832000000000001	0.001997	0.14098800000000003	0.018998000000000004	-0.002791	94.243	0.002225	3.3	0.0032240000000000003	0.018002	-0.016365000000000005	0.007194	2.497236	0.025804	40.95399999999999	0.15794500000000006	46.529	0.0041270000000000005	0.0018499999999999999	9.0	0.139102	0.004614999999999999	0.06509100000000001	10.0	0.0	0.2	4.05				0.022994	0.0	0.0	57.96115485059439	9.689487775454099	0.0	0.0	176.54126488181788	0.0	0.0	0.0	1.614561822072882	0.26990968482281125	0.0	0.0	4.917720963865786	0.0
GW685-6-1-8-13 timepoint 2																																																													
GW755-69-1-8-13	48913.0							52.2	0.4880000000000001	31.034355409109757	0.093752047792488	1.0100983362437272	0.0	20.13888580791212	0.010443	0.0019100000000000002	0.191584	0.018929	-0.0016820000000000001	26.871	0.001991	0.00015000000000000001	0.004834	0.002167	-0.03614	0.008744	3.6762449999999993	0.048436	7.953	0.027403	74.68899999999998	0.008389	0.001783	-0.00109	0.8804699999999999	0.003432	0.051321000000000006	10.0	1.7800000000000002	0.2	4.35				-0.014431	0.0	0.0	75.36110054464648	18.01091246797434	0.0	0.0	7196.259814154529	0.0	0.0	0.0	2.1047647128793883	0.50302785834309	0.0	0.0	200.98477347170856	0.0
GW755-69-1-8-13 timepoint 2								52.2	0.193	29.93057816588343	0.10749110641451164	0.11452582499434669	0.0	20.16346996412004	0.010410999999999998	0.0019430000000000003	0.18154499999999998	0.018933000000000002	-0.0009760000000000001	25.771999999999995	0.001993	-6.3	0.003855	0.001209	-0.049957	0.008480999999999999	3.396409999999999	0.047168	7.892999999999999	0.024427	72.063	0.004391	0.001629	-0.0003110000000000001	0.825956	0.002755	0.050052000000000006								-0.027736999999999998																
GW755-69-1-8-13 timepoint 3																																																													
GW764-23-1-11-13	62381.0							35.550000000000004	1.2149999999999999	4.386910243733568	0.0	14.42912353002252	0.0	16.871938494084386	0.011522	0.0027	0.21724000000000007	0.019059000000000003	-0.0031219999999999998	35.26800000000001	0.0031019999999999997	0.004658	0.0043749999999999995	0.006641	0.0245	0.009565	3.5065579999999996	0.040479	7.764999999999999	0.6985650000000001	29.671	0.019043	0.001836	-0.000466	0.3570790000000001	0.14886300000000002	0.051168000000000005	10.0	1.08	0.2	1.7600000000000002				0.167316	0.0	0.0	50.762901035847186	7.347894844349709	0.0	0.0	568.6261197594458	0.0	0.0	0.0	1.4134178208505417	0.2045912528010501	0.0	0.0	15.832552408727445	0.0
GW764-23-1-11-13 timepoint 2								42.89	0.3390000000000001																																																				
GW765-77-1-11-13	12759.0							89.72	0.447	33.19088385929203	0.15689495434807565	0.0	0.0	14.33702916660144	0.010956	0.002131	0.17884000000000003	0.019050000000000004	0.0017410000000000001	123.114	0.00204	0.00015700000000000002	0.003166	0.007809000000000001	-0.010308	0.008147999999999999	1.306818	0.03578699999999999	9.505	0.3298240000000001	3.626	0.0052049999999999996	0.001843	-0.0006290000000000001	0.192274	0.037225999999999995	0.047248	10.0	0.0	0.2	0.0				0.026541000000000002	0.0	0.0	56.19966418165434	9.60081174495293	0.0	0.0	154.17681214342633	0.0	0.0	0.0	1.5655810842592512	0.2674544319846487	0.0	0.0	4.29497763443815	0.0
GW765-77-1-11-13 timepoint 2																																														0.0	0.0	100.93229537631602	21.696581974578056	0.0	0.0	133.24709061253546	0.0	0.0	0.0	2.815170149675509	0.6051538776274807	0.0	0.0	3.716483714404247	0.0
GW098-57-1-22-13	10278.0							171.2	4.957	134.102	1.1998999757985425	0.0	0.0	18.21503402121526	0.010494999999999999	0.002613	0.6333139999999998	0.019069000000000003	-0.0006050000000000001	229.38000000000002	0.002037	0.002834	0.0029440000000000004	0.004141000000000001	0.251529	0.023064	5.074887999999999	0.049816000000000006	31.816	0.9184479999999998	28.106000000000005	0.045835	0.003726	0.001006	0.9341900000000002	0.022918	0.035131	10.0	3.71	0.2	8.88				0.018632	0.0	0.0	43.03128504252474	10.588236130593593	0.0	0.4975536661058163	436.656662937886	0.0	0.0	0.0	1.1981757822165382	0.29482196721594917	0.0	0.013854030910113502	12.158396807314304	0.0
GW098-57-1-22-13 timepoint 2																																														0.0	0.0	78.98833128983031	20.166235204221504	0.0	0.2874520188616004	461.7527940128463	0.0	0.0	0.0	2.191745922190691	0.5595670025311886	0.0	0.007976137486101181	12.812586198641652	0.0
GW363-94-1-22-13	16540.0							58.43	0.43700000000000006	10.218842521638932	0.0725401660290021	0.41705495991413755	0.0	10.240941526504114	0.010406	0.002259	0.07532000000000001	0.019106	-0.000548	16.921999999999997	0.002002	3.4	0.004607	0.016423	-0.013977000000000002	0.005076	1.9406889999999999	0.04832	7.208	0.049662000000000005	105.568	0.0076690000000000005	0.002315	-0.0009140000000000001	0.12486300000000002	0.049232000000000005	0.062673	10.0	0.0	0.2	1.5				0.07713900000000001	0.0	0.0	110.21734087157125	24.60586522401527	0.0	0.0	0.0	0.0	0.0	0.0	3.0667039752802236	0.6846373184200132	0.0	0.0	0.0	0.0
GW363-94-1-22-13 timepoint 2																																																													
GW763-23-1-22-13	26228.0							76.24	2.0909999999999997	49.45252854178063	0.22360640591585615	0.0	0.0	1.182048537306966	0.01043	0.002062	0.05103200000000001	0.018977000000000004	0.0026119999999999997	94.557	0.0019790000000000003	-2.6	0.004897	8.0	-0.019188000000000004	0.004158	1.113354	0.020651000000000003	9.285	0.507826	17.279999999999998	0.0036049999999999997	0.001572	0.000199	0.22923600000000002	0.002705	0.09133899999999999	10.0	5.04	0.2	22.3				-0.03244	0.0	0.0	49.810715300705404	12.346445818733928	0.0	23.353393588408903	151.6116435640056	0.0	0.0	0.0	1.3839000722558663	0.34302352731736535	0.0	0.6488315391439698	4.212253592754304	0.0
GW763-23-1-22-13 timepoint 2																																																													
GW639-90-1-23-13	13823.0							91.66	0.6050000000000001	8.991640871372438	0.0573073962376978	0.0891111253246468	0.0	27.939846871650843	0.010428999999999999	0.0019850000000000002	0.030853	0.018974000000000005	-0.004881000000000001	0.496	0.002015	-0.000124	0.004038	0.015016999999999999	-0.007313999999999999	0.0035880000000000005	2.0595779999999997	0.080967	6.637999999999999	0.005574999999999999	230.646	0.003582	0.0019610000000000005	-0.0009120000000000002	0.06522100000000002	0.036023999999999994	0.058478	10.0	8.280000000000001	0.2	6.79				0.174114	0.0	0.0	86.16101374294225	17.589396444338416	0.0	0.0	0.0	0.0	0.0	0.0	2.3960237414611294	0.48913783215624057	0.0	0.0	0.0	0.0
GW639-90-1-23-13 timepoint 2																																																													
GW641-30-1-23-13	41587.0							16.03	1.069	1.8700314353737229	0.0	0.7731298302576295	0.0	0.5826589801186731	0.010496	0.0016200000000000001	0.07952500000000003	0.019072000000000002	0.0019020000000000003	2.1159999999999997	0.002032	0.0005260000000000001	0.006432	0.05881200000000001	-0.023905000000000003	0.005046	0.761726	0.026301000000000005	6.842	0.027994	2.05	0.011932	0.002167	-0.001009	0.048052000000000004	0.00626	0.173932	10.0	1.27	0.2	2.22				0.038460999999999995	0.0	0.0	52.04339073156393	14.94201973713145	0.0	0.0	68.85692795549251	0.0	0.0	0.0	1.452914314114012	0.4171418128735747	0.0	0.0	1.9223039630232417	0.0
GW641-30-1-23-13 timepoint 2																																																													
GW658-63-1-23-13	166587.0							61.690000000000005	68.36999999999999	16.32161770266462	0.9075465728108826	0.0	0.0	0.0	0.010537000000000001	0.003037	0.142974	0.018991000000000004	0.0033949999999999996	50.994	0.001996	0.020662	0.007664	0.006914999999999999	0.007293999999999999	0.007116	0.795355	0.021599	9.329	14.897743	4.022999999999999	0.0062	0.0017340000000000003	0.001087	0.15399200000000002	0.002526	0.09136699999999999	10.0	58.20000000000001	0.2	21.2				0.017238999999999997	0.0	0.0	57.825414282079755	10.617730334939631	0.0	0.0	229.90213310785774	0.0	0.0	0.0	1.6278760847384641	0.2989057579792701	0.0	0.0	6.472105543264953	0.0
GW658-63-1-23-13 timepoint 2																																						10.0	41.6	0.2	89.60000000000001																				
GW803-31-1-23-13	15595.0							16.07	0.30900000000000005	93.02599999999998	0.07097040451934748	33.88706155205638	0.0	0.0	0.010435	0.0018729999999999999	1.0269349999999997	0.020789	0.002353	25.405999999999995	0.002151	0.009805000000000001	0.007308	0.009749	-0.015335	0.035827	5.236026	0.024765000000000002	10.043000000000001	0.08801099999999999	14.363000000000001	0.070352	0.00283	-0.001131	0.18666999999999997	0.0021089999999999998	0.13374900000000003	10.0	1.06	0.2	1.2				0.036639000000000005	0.0	0.0	95.59196823945868	25.361317306897334	0.0	0.0	87.74304691362433	0.0	0.0	0.0	2.6540054483718887	0.7041289718167956	0.0	0.0	2.436088814304634	0.0
GW803-31-1-23-13 timepoint 2																																																													
GW199-42-1-28-13	44423.0							85.05	1.335	5.492235920540269	0.0	0.16933915451210427	0.0	20.96587665521887	0.010435	0.0019080000000000002	0.24203600000000003	0.018942	0.001161	89.36999999999999	0.001991	-7.4	0.003898	0.012712	0.850865	0.010304	3.290748	0.02237	10.207	4.317725999999999	2.608	-0.00037900000000000005	0.001701	-0.0006320000000000001	0.21194600000000005	0.0029770000000000005	0.058757000000000004	10.0	8.49	0.2	34.60000000000001				0.013309000000000001	0.0	0.0	104.34684285399977	23.32996451535559	0.0	0.0	172.00570923078703	0.0	0.0	0.0	2.92091711045795	0.6530613737363002	0.0	0.0	4.8148502192024125	0.0
GW199-42-1-28-13 timepoint 2								69.98	1.7780000000000002	5.147861218022742	0.0	1.5938234540613514	0.0	18.35660008362035	0.010452	0.001468	0.11242199999999998	0.018993000000000003	-0.002072	74.05	0.0019770000000000005	0.000181	0.0034130000000000002	0.0025780000000000004	-0.030578	0.0062439999999999996	3.207142	0.021028	9.774000000000001	0.09569100000000001	2.506	0.00504	0.001601	-0.0013599999999999999	0.18093299999999998	0.0025770000000000003	0.10429600000000003								-0.035854	0.0	0.0	50.517991293325544	7.518457599827781	0.0	0.6924612871661825	290.8543442643618	0.0	0.0	0.0	1.4153869576747045	0.21064825730773798	0.0	0.019401022278554902	8.14900661953272	0.0
GW636-32-1-28-13	529300.0							42.92	0.37200000000000005	7.991450719493733	0.05170739922360942	0.14326129151885472	0.0	3.7634350603110938	0.010617999999999999	0.00142	0.13340500000000002	0.019004000000000004	-0.0021319999999999998	3.4909999999999997	0.0020380000000000003	-9.1	0.003419	0.017443	0.008400999999999999	0.0069299999999999995	5.258984999999999	0.059099000000000006	6.908	0.024774	75.65499999999999	0.0034360000000000003	0.001788	-0.000888	0.3545790000000001	0.007987000000000001	0.049124	10.0	0.0	0.2	6.470000000000001				0.059791000000000004	0.0	0.0	69.97552610713143	10.116063740743748	0.0	0.6714576240124249	0.0	0.0	0.0	0.0	1.950917980013701	0.28203590221768005	0.0	0.0187202415527051	0.0	0.0
GW761-29-1-28-13	24810.0							31.0	0.31300000000000006	43.9681824486896	0.0	10.643978254558322	0.0	20.763573346322307	0.010671	0.0015450000000000001	0.14884000000000003	0.019035000000000003	-0.00033400000000000004	58.29800000000001	0.001994	0.000306	0.005526	0.0027280000000000004	-0.0019060000000000001	0.0073420000000000004	0.91174	0.028308000000000003	7.849	0.011432	3.182	0.110709	0.001676	-0.001549	0.099415	0.0021449999999999998	0.03599499999999999	10.0	0.0	0.2	1.58				-0.038002	0.0	0.0	40.80159628799835	8.646862508407722	0.0	0.0	77.73542151701058	0.0	0.0	0.0	1.1459834930906179	0.24286210842623646	0.0	0.0	2.18333393767584	0.0
GW761-29-1-28-13 timepoint 2																																																													
GW921-86-1-28-13	472.0							54.14	0.4880000000000001	3.2822723764045336	0.0	0.1441853027954211	0.0	25.651971474039488	0.010597	0.0018470000000000001	0.2975670000000001	0.018959000000000004	-8.9	45.65	0.002026	-4.0	0.002905	0.006425	-0.011439999999999999	0.012055	3.1768110000000003	0.040593000000000004	9.419	0.00862	25.003	0.0035510000000000003	0.001657	-0.001162	1.347058	0.003219	0.034225	10.0	1.9300000000000002	0.2	2.54				0.019015000000000004	0.0	0.0	124.30715240824516	24.074374289544085	0.0	0.0	92.58113157359284	0.0	0.0	0.0	3.453264227803571	0.6687883515166287	0.0	0.0	2.5719124253019094	0.0
GW921-86-1-28-13 timepoint 2																																																													
GW925-68-1-28-13	86011.0							55.53	1.3919999999999997	3.39705827189532	0.0	2.2668951593932607	0.0	20.712160291160707	0.01063	0.0027470000000000003	0.088614	0.018993000000000003	-0.002184	2.3379999999999996	0.002033	-6.0	0.003369	0.005693	0.020238	0.005423000000000001	3.054487	0.050779000000000005	6.792	0.017916	89.087	0.003202	0.0016350000000000002	-0.000728	0.22776	0.021655000000000004	0.031831000000000005	10.0	4.2	0.2	35.20000000000001				0.127385	0.0	0.0	97.47956900112553	14.470339035140624	0.0	0.0	0.0	0.0	0.0	0.0	2.7170490565299636	0.40333191278926944	0.0	0.0	0.0	0.0
GW925-68-1-28-13 timepoint 2																																														0.0	0.0	74.31338997270161	8.241931681828303	0.0	0.0	0.0	0.0	0.0	0.0	2.074807772083135	0.2301122841619429	0.0	0.0	0.0	0.0
GW283-43-1-29-13	58601.0							88.28	2.707	141.977	0.0	3.144816401396948	0.0	17.10744202581093	0.010587000000000001	0.0019410000000000002	0.25221699999999997	0.018982000000000002	-0.0006720000000000001	71.571	0.0022800000000000003	0.00033000000000000005	0.0036880000000000003	0.006549000000000001	-0.005497	0.010482	5.1292089999999995	0.026895000000000002	8.779000000000002	0.26397200000000004	106.308	0.0071860000000000005	0.0016740000000000001	-0.0011200000000000001	0.39712800000000004	0.022768	0.041717000000000004	10.0	22.6	0.2	28.4				0.025082	0.0	0.0	81.72844496344368	15.410748823541036	0.0	0.0	151.673518052511	0.0	0.0	0.0	2.2774464962225847	0.42943623762863065	0.0	0.0	4.226537314064289	0.0
GW283-43-1-29-13 timepoint 2																																														0.0	0.0	117.60351393651908	23.53814158681537	0.0	0.0	148.00543703448116	0.0	0.0	0.0	3.2956007828644833	0.6596088436826505	0.0	0.0	4.147553230614576	0.0
GW760-18-1-29-13	60491.0							48.36	0.24300000000000002	123.203	0.0	4.0891843847028175	0.0	34.10216677555838	0.011074	0.0017300000000000002	0.21361800000000003	0.018989000000000002	-0.002291	111.334	0.002002	0.005503999999999999	0.00412	0.0009850000000000002	-0.0104	0.009544000000000002	1.8437389999999998	0.034491	9.377	0.112391	25.061	0.24866600000000003	0.001675	-0.00046300000000000003	0.229706	0.0071400000000000005	0.041956	10.0	2.63	0.2	0.0				-0.031903	0.0	0.0	61.584654882615666	9.695746099367136	0.0	0.0	86.71456474741204	0.0	0.0	0.0	1.7155455702996176	0.27009153990102874	0.0	0.0	2.4155820588169816	0.0
GW760-18-1-29-13 timepoint 2																																																													
GW775-88-1-29-13	5434.0							51.2	1.02	78.416	0.0	5.020357164722801	0.0	35.23709293537929	0.010427999999999998	0.0018509999999999998	0.20578900000000003	0.019097000000000003	-0.000713	90.399	0.002233	0.00016900000000000002	0.004863000000000001	0.021084000000000002	-0.022981	0.009081	3.3842130000000004	0.027753	8.318000000000001	0.083647	31.517	0.004378	0.0017440000000000003	-0.000202	0.24840800000000002	0.012634000000000001	0.033941	10.0	1.95	0.2	1.1599999999999997				0.02762	0.0	0.0	52.018154965935686	9.16306936986325	0.0	0.0	79.3337950349677	0.0	0.0	0.0	1.4470389163774249	0.25489789056034395	0.0	0.0	2.206904279374866	0.0
GW775-88-1-29-13 timepoint 2																																																													
GW228-12-2-4-13	94990.0							11.56	0.766	37.01055427677891	0.07175078502100801	7.624007160675347	0.0	19.672564852881248	0.010626	0.0022880000000000005	0.044593999999999995	0.019049	0.0024340000000000004	10.064	0.002036	-7.7	0.004717	0.066454	-0.014913	0.003982	4.241242000000002	0.030581999999999998	9.339	0.007591	14.153	0.010650999999999999	0.0017150000000000002	-0.000617	0.10672000000000002	0.009262000000000001	0.061780999999999996	10.0	0.0	0.2	13.900000000000002				0.08037	0.0	0.0	62.42104144898758	8.587263532956115	0.0	1.1891758242162083	0.0	0.0	0.0	0.0	1.7337733369160235	0.23851522186918078	0.0	0.033029909291342606	0.0	0.0
GW228-12-2-4-13 timepoint 2																																																													
GW60-1A-60-2-4-13	13941.0							48.809999999999995	0.907	159.078	0.21830483276603924	0.18913909666896972	0.0	125.869	0.01052	0.0017900000000000001	0.19144800000000003	0.019011000000000004	-0.003326	117.874	0.001994	4.2	0.004168000000000001	0.030159	0.087889	0.008719	3.2715559999999995	0.6044109999999998	10.347	0.399751	52.410999999999994	0.005534999999999999	0.001568	-0.000465	0.4230620000000001	0.003889	0.040554	10.0	5.0299999999999985	0.2	6.87				0.14900300000000002	0.0	0.0	68.07301617037737	11.947656707326594	0.0	0.4298823294084485	70.97653898220518	0.0	0.0	0.0	1.905152841240866	0.33437789894843695	0.0	0.012031074680486099	1.986413450007142	0.0
GW60-1A-60-2-4-13 timepoint 2																																														0.0	0.0	129.0225841864646	27.619285533694356	0.0	0.41265818531502657	44.32315646563511	0.0	0.0	0.0	3.594144080073113	0.769382292431176	0.0	0.0114952973791026	1.234697099159706	0.0
GW773-35-2-4-13	14059.0							40.68	1.0109999999999997	121.86999999999999	0.1470044815943578	0.4032659753050829	0.0	96.21400000000001	0.01078	0.0017380000000000002	0.18227399999999996	0.019010000000000003	-0.002173	82.909	0.002001	0.00017600000000000002	0.006899000000000001	0.014059	-0.017539	0.008454	2.2754059999999994	0.30391900000000016	9.255	0.25322700000000004	33.649	0.005077	0.001628	-0.000714	0.270492	0.007055	0.040998	10.0	0.0	0.2	0.0				-0.018605000000000003	0.0	0.0	51.8516691343749	8.082046838821924	0.0	0.0	47.76117494690155	0.0	0.0	0.0	1.442046587156184	0.22476977608871485	0.0	0.0	1.328285867755974	0.0
GW773-35-2-4-13 timepoint 2																																																													
GW198-41-2-11-13	52693.0							30.18	0.8610000000000001	73.664	0.0	5.828612952645332	0.0	19.368030020137926	0.0010450000000000001	0.000201	0.018989000000000002	0.001898	0.00015600000000000002	37.010999999999996	0.000201	-5.0	0.0009130000000000001	0.001716	-0.001495	0.0008680000000000001	0.31656900000000016	0.002236	8.860000000000001	0.000428	32.038000000000004	0.0005369999999999999	0.00021	-0.00013500000000000003	0.012267	0.00023700000000000001	0.008431	10.0	2.01	0.2	6.329999999999998				-0.00335	0.0	0.0	45.46435233758731	9.62533559223527	0.0	0.0	104.99470216119597	0.0	0.0	0.0	1.2588424060689805	0.2665116732815171	0.0	0.0	2.907152014652674	0.0
GW198-41-2-11-13 timepoint 2																																																													
GW804-13-2-11-13	65217.0							15.850000000000001	0.54	151.92200000000003	0.0	10.811658826574833	0.0	22.466680593796823	0.010485	0.0017840000000000002	0.5756280000000001	0.020442	0.0005660000000000001	30.567999999999998	0.002181	0.003936	0.0060090000000000005	0.098452	-0.024134	0.020818	3.5767849999999997	0.025538	10.713999999999999	0.26122	34.672000000000004	0.0858	0.00667	-0.00045000000000000004	0.184412	0.002166	0.2727170000000001	10.0	0.0	0.2	4.88				0.13112100000000002	0.0	0.0	74.56091506484725	19.030796719032587	0.0	0.0	72.56669793766608	0.0	0.0	0.0	2.0721726158870335	0.5288976910408701	0.0	0.0	2.0167499843717986	0.0
GW804-13-2-11-13 timepoint 2																																														0.0	0.0	53.60435380410511	14.457605623704069	0.0	0.0	115.63279765676867	0.0	0.0	0.0	1.4857494333020618	0.40072079668793664	0.0	0.0	3.2049889868557524	0.0
GW928-54-2-11-13	31190.0							29.88	0.461	1.3096922830684112	0.0	0.0	0.2263657367996467	12.046559373700816																								10.0	3.73	0.2	5.52					0.0	0.0	116.40113187925651	22.86316189616818	0.0	0.0	72.6659618860234	0.0	0.0	0.0	3.227805775588058	0.6339959485377457	0.0	0.0	2.0150286142206033	0.0
GW928-54-2-11-13 timepoint 2										1.3000392116905897	0.0	0.0	-0.0365996306118542	11.927026864328196																																															
GW929-2-11-13	32608.0							9.709	0.3640000000000001	1.1789062482119312	0.0	0.17664217005182378	0.0	4.256311813008301	0.010615	0.0019760000000000003	0.032411	0.019016	0.003906	-0.161	0.0019780000000000006	0.0005769999999999999	0.003845	0.018066000000000002	-0.021641	0.00353	0.795018	0.036633000000000006	6.865999999999999	0.039610000000000006	1.853	0.007804	0.002314	-0.000204	0.008164	0.002119	0.059979000000000005	10.0	0.0	0.2	2.3				0.030284	0.0	0.0	46.98849284571775	8.38146638234151	0.0	0.0	65.04895557754111	0.0	0.0	0.0	1.3206063024006558	0.23556016925723025	0.0	0.0	1.8281935745915268	0.0
GW929-2-11-13 timepoint 2																																																													
GW350-74-2-12-13	354.0							67.46	0.7170000000000001	13.526612346905255	0.07311696294358372	0.0	0.0	13.387808750275944	0.020853	0.0041990000000000005	0.054880000000000005	0.037973999999999994	0.0030780000000000004	92.37399999999998	0.004086	0.000225	0.006924	0.02504	0.33814800000000006	0.006726	3.4345579999999996	0.042328000000000005	18.097	0.290767	4.18	0.0012100000000000001	0.003416	-0.001693	0.11889	0.005772	0.08371100000000001	10.0	1.0699999999999996	0.2	9.34				0.038124	0.0	0.0	125.99541623203858	24.629094766716804	0.0	0.0	127.76331626965671	0.0	0.0	0.0	3.538501312439649	0.6916924977312551	0.0	0.0	3.5881516631464807	0.0
GW350-74-2-12-13 timepoint 2																																																													
GW714-34-2-12-13	42296.0							49.720000000000006	0.231	14.491475950102055	0.04332780070415061	2.3285207887573294	0.0	55.955999999999996	0.011020999999999998	0.001587	0.086469	0.018991000000000004	0.0018689999999999998	60.963	0.002047	-8.0	0.003662	0.012197	-0.026075000000000004	0.005391	2.0016609999999995	0.026157000000000003	22.49	0.007691	2.8179999999999996	0.004385	0.0017920000000000002	-0.001843	0.3298900000000001	0.007069000000000001	0.06767000000000001	10.0	0.0	0.2	1.1599999999999997				0.037085999999999994	0.0	0.0	74.4010944376043	11.223055968875391	0.0	0.0	85.1666538420045	0.0	0.0	0.0	2.0834223191062784	0.3142744803807061	0.0	0.0	2.3848857170620965	0.0
GW714-34-2-12-13 timepoint 2																																																													
GW715-65-2-12-13	2008.0							47.94	0.793	30.261731300147787	0.0	3.3166991098454677	0.0	11.995562757361965	0.010695	0.001824	0.08627500000000002	0.019094000000000003	-0.0008280000000000001	39.734	0.0021919999999999995	0.000293	0.005965	0.013984000000000002	-0.00042300000000000004	0.0053159999999999995	1.4102699999999997	0.032202	8.017999999999999	0.18641400000000002	4.062999999999999	0.009343	0.0017450000000000002	-0.00020800000000000001	0.08546100000000001	0.009112	0.07209000000000002	10.0	1.3800000000000001	0.2	5.72				0.027454000000000003	0.0	0.0	99.91089067881101	23.652251005553516	0.0	0.0	130.41153289065252	0.0	0.0	0.0	2.788081224468007	0.6600321195912799	0.0	0.0	3.6392223493973086	0.0
GW715-65-2-12-13 timepoint 2																																														0.0	0.0	72.47808451718765	17.273928737397213	0.0	0.0	183.1435846675202	0.0	0.0	0.0	2.009150205610348	0.4788470570881303	0.0	0.0	5.076885975148868	0.0
GW271-66-2-18-13	41824.0							49.230000000000004	0.586	14.964572602505227	0.0637821691374793	0.0	0.8587539758969296	55.17977294614177	0.010492	0.001803	0.2868460000000001	0.019010000000000003	-0.001168	65.594	0.002007	-7.1	0.002919	0.062135	-0.021643	0.012019	4.05123	0.03261000000000001	11.055000000000001	0.013393	3.3129999999999997	0.0032080000000000003	0.00168	-0.0008590000000000001	1.7605890000000002	0.003175	0.036191	10.0	1.22	0.2	2.36				0.037905999999999995	0.0	0.0	98.30996297718295	16.565073728580124	0.0	0.0	64.15876474643146	0.0	0.0	0.0	2.7256082224953	0.4592606872544327	0.0	0.0	1.7787785840037573	0.0
GW271-66-2-18-13 timepoint 2																																																													
GW385-80-2-18-13	49149.0							88.14	0.783	3.0290760962506837	0.0	0.2806038016834673	0.0	21.90175090209068	0.010522	0.002367	0.054268000000000004	0.018926000000000002	-0.006142000000000001	0.15800000000000003	0.0019710000000000005	-0.000142	0.004309	0.004688	-0.012219	0.004301	3.078237	0.11858699999999998	6.633	0.004241	203.306	0.0031810000000000002	0.001771	-0.00043900000000000005	0.11164499999999998	0.002233	0.03521	10.0	3.9299999999999997	0.2	12.4				-0.027774	0.0	0.0	66.328457094893	11.301943193782286	0.0	0.0	0.0	0.0	0.0	0.0	1.8434812978013622	0.3141173761473676	0.0	0.0	0.0	0.0
GW385-80-2-18-13 timepoint 2																																																													
GW683-53-2-18-13	10869.0							45.75	0.565	4.766130519321985	0.0	3.773510406409699	0.07188840711679148	18.25809614595167	0.011517	0.0021049999999999997	0.13728100000000001	0.019076000000000003	0.000296	46.202000000000005	0.00206	-7.9	0.005982	0.014832000000000001	-0.024434	0.007108000000000001	1.065542	0.022143999999999997	11.265000000000002	0.003965	1.8169999999999997	0.014942	0.0019860000000000004	-0.000764	0.130737	0.009247000000000002	0.07839200000000002	10.0	1.02	0.2	1.11				0.021561000000000004	0.0	0.0	60.082892409082454	13.596548381556795	0.0	0.0	67.25040629467698	0.0	0.0	0.0	1.6745044009108574	0.37893448849131284	0.0	0.0	1.8742623197423982	0.0
GW683-53-2-18-13 timepoint 2																																																													
GW779-8-2-18-13	1063.0							41.65	0.512	15.857172139696505	0.0	0.0	0.0	8.932578156512669	0.01054	0.001793	0.21605700000000003	0.018969000000000003	0.00041600000000000003	1.8	0.0019730000000000004	-0.00014600000000000003	0.004831	0.0022280000000000004	-0.026205000000000003	0.009709	3.0298469999999997	0.05451200000000001	7.044999999999999	0.005272	98.039	0.002975	0.0016450000000000002	-0.001087	0.393853	0.002344	0.029294	10.0	6.7700000000000005	0.2	13.1				0.0019770000000000005	0.0	0.0	62.4197322272675	9.816887748417495	0.0	0.0	0.0	0.0	0.0	0.0	1.7377431020954206	0.27329865669313724	0.0	0.0	0.0	0.0
GW779-8-2-18-13 timepoint 2																																																													
GW782-72-2-18-13	1063.0							51.44	0.7100000000000001	37.21567932208566	0.08388833743862559	2.8996415155746704	0.0	25.624201830981338	0.010815	0.0021219999999999998	0.31064200000000003	0.018988000000000005	0.002689	84.44000000000001	0.002002	6.4	0.0033870000000000003	0.008987	-0.008159	0.012336000000000001	2.925198	0.028363000000000003	8.379000000000001	0.0048130000000000004	4.026999999999999	0.018697000000000002	0.0016640000000000001	0.0006100000000000001	0.45423099999999994	0.0024300000000000003	0.04365600000000001	10.0	2.3499999999999996	0.2	1.6199999999999997				0.016682	0.0	0.0	102.97081063774154	22.903458778891693	0.0	0.0	156.61813657018598	0.0	0.0	0.0	2.8491411592856193	0.6337250983340723	0.0	0.0	4.3335307979908135	0.0
GW782-72-2-18-13 timepoint 2																																														0.0	0.0	56.60417108246495	11.668924467496398	0.0	0.0	183.2480551594432	0.0	0.0	0.0	1.567895714433132	0.3232209979363027	0.0	0.0	5.075842201524659	0.0
GW162-37-2-19-13	206758.0							29.259999999999998	0.462	1.608462885484526	0.0	0.0	0.0	6.428787047562792	0.007277	0.000758	0.131282	0.014707	0.014016	27.506	0.001574	0.001506	0.000673	0.0050490000000000005	0.07047300000000001	0.007028	1.729343	0.029499	4.288	0.065056	18.085999999999995	-0.00126	0.002187	0.002123	0.35581900000000005	0.015524	0.018777000000000002	10.0	0.0	0.2	8.82				0.017065000000000004	0.0	0.0	71.1084593470966	13.419306592927674	0.0	0.8459468138119142	0.0	0.0	0.0	0.0	1.9808473827816768	0.3738176665253684	0.0	0.023565290930188703	0.0	0.0
GW162-37-2-19-13 timepoint 2																																																													
GW314-97-2-19-13	71124.0							66.74	0.7360000000000001	9.554554858435303	0.0	8.377727016930884	0.0	34.625777575091455	0.010516000000000001	0.001821	0.11815099999999996	0.018973000000000004	-0.0012320000000000002	91.45800000000001	0.002046	5.4	0.004786	0.064432	-0.016964000000000003	0.006321	3.113183	0.024732999999999998	9.513000000000003	0.041565	3.927	0.004228	0.001699	0.000122	0.18473699999999998	0.004178	0.03572399999999999	10.0	1.32	0.2	3.9699999999999998				0.033604	0.0	0.0	92.88046724589991	19.873718727662418	0.0	0.0	138.07415124138222	0.0	0.0	0.0	2.5824519614608215	0.5525696137369297	0.0	0.0	3.8390188300445502	0.0
GW314-97-2-19-13 timepoint 2																																																													
FW301-81-2-20-13	112240.0							15.219999999999999	0.6120000000000001	1.2654487647915789	0.0	0.0	0.0	8.19054611167301	0.007444	0.000774	0.044202	0.014784	0.013364000000000001	3.985	0.001585	0.0017540000000000001	0.0014509999999999998	0.001178	-0.026401000000000004	0.003705	0.972517	0.015174	3.506	0.017825999999999998	1.076	0.002359	0.00213	0.0024430000000000003	0.025793	0.016242999999999997	0.07352800000000001	10.0	14.000000000000002	0.2	12.3				-0.010447	0.0	0.0	45.930905884264675	9.933831028300792	0.0	0.0	60.344345860054695	0.0	0.0	0.0	1.2863998287148768	0.2782196058899537	0.0	0.0	1.6900811051688756	0.0
FW303-11-2-20-13	27410.0							39.28	0.553	1.434037129993776	0.0	0.408195977223571	0.0	6.8069249431862655	0.0073880000000000005	0.000708	0.07523000000000002	0.014664	0.01294	52.620000000000005	0.001557	0.0015	0.0007610000000000001	0.00054	-0.030536999999999998	0.004858	1.3755719999999998	0.021185000000000002	4.679	0.00221	1.594	-0.001257	0.002097	0.0013529999999999998	0.17778	0.015771	0.046381	10.0	0.0	0.2	0.0				-0.012966	0.0	0.0	68.85305487565458	12.578795878441866	0.0	0.0	48.263606001817045	0.0	0.0	0.0	1.9149253219394424	0.34983857710651534	0.0	0.0	1.342296306647487	0.0
GW066-71-2-20-13	1827347.0							42.97	3.2119999999999997	13.247915336479076	0.07380592203341532	0.8556296645401208	0.0	7.57178659447007	0.007345	0.001581	0.05399	0.014722999999999998	0.012901	12.576000000000002	0.0016020000000000001	0.001773	0.0008610000000000001	0.0070480000000000004	0.095811	0.004176	1.8922820000000002	0.025446	6.998	0.018246	30.691	-0.000398	0.001992	0.0017040000000000002	0.13500800000000004	0.015851999999999998	0.05967200000000001	10.0	98.1	0.2	25.900000000000002				0.021915000000000004	0.0	0.0	121.38142973676041	25.556810381573886	0.0	0.2944759156718843	32.0152081678069	0.0	0.0	0.0	3.3771473411819173	0.7110569913074923	0.0	0.00819308651916655	0.8907464294643287	0.0
GW066-71-2-20-13 timepoint 2																																							231.99999999999997		41.0																				
GW125-85-2-20-13	271739.0							179.2	2.046	168.696	1.1944042551466305	2.2290412083485536	0.0	71.146	0.021128	0.004502000000000001	0.085097	0.038003999999999996	-0.009871000000000001	-1.3049999999999997	0.004001	-0.000304	0.011668999999999999	0.034974	-0.026627	0.007771	7.787562	0.3554460000000001	16.553	0.008442999999999999	566.493	-0.0008260000000000001	0.003831	0.0012370000000000003	0.26325499999999996	0.004834	0.094584	10.0	23.799999999999994	0.2	53.1				0.052243000000000005	0.2475262051318209	0.0	121.96491936140109	25.344954321597605	0.0	0.0	0.0	0.0	0.006885290824250931	0.0	3.3926264078275685	0.705005683493675	0.0	0.0	0.0	0.0
GW125-85-2-20-13 timepoint 2																																														0.1508772891177657	0.0	89.61734480559805	18.573710458683284	0.0	0.0	0.0	0.0	0.004214920357519429	0.0	2.503557514962512	0.5188767029467898	0.0	0.0	0.0	0.0
GW705-9-2-21-13	65926.0							69.31	0.884	69.934	0.5246091130265905	0.0	-0.04459748249120219	26.622706057652067	0.010436	0.0020870000000000003	0.014027999999999999	0.019097000000000003	-0.004856	0.402	0.002032	-0.000126	0.004253	0.016621999999999998	-0.017565000000000004	0.0029730000000000004	2.7897910000000006	0.12029000000000004	6.692999999999999	0.005018	211.24599999999998	0.003647	0.001804	0.00036300000000000004	0.197836	0.004818	0.058574	10.0	2.44	0.2	9.360000000000001				0.42208900000000016	0.10870073506822095	0.0	63.041661190729315	7.97116621424064	0.0	1.5967380060846537	0.0	0.0	0.0030450091060625502	0.0	1.7659717964796158	0.22329447627992158	0.0	0.044729060622014	0.0	0.0
GW705-9-2-21-13 timepoint 2																																																													
